Anger,Boredom,Disgust,Fear,Happiness,Emo_Neutral,Sadness,Aggressiv,Cheerful,Intoxicated,Nervous,Aff_Neutral,Tired,Disinterest,Normal,High Interest,Arousal,Valence,Filename
0.000004,0.000003,0.002605,0.000000,0.000000,0.000000,0.997388,0.047316,0.051290,0.694798,0.121525,0.071809,0.013263,0.153029,0.797271,0.049701,1.476444e-01,3.676836e-01,0_a_a.wav
0.001765,0.107574,0.003542,0.004003,0.002175,0.012042,0.868898,0.040351,0.217915,0.080602,0.016937,0.027321,0.616874,0.033096,0.656084,0.310820,-4.230989e-02,-4.012586e-02,0_b_a.wav
0.000005,0.000005,0.003151,0.000000,0.000000,0.000000,0.996839,0.037453,0.025062,0.629139,0.081969,0.209901,0.016477,0.089435,0.893405,0.017159,9.535891e-02,3.373807e-01,100_a_q.wav
0.000334,0.000106,0.089250,0.000015,0.000135,0.000040,0.910122,0.100231,0.242222,0.422663,0.018991,0.179631,0.036262,0.014258,0.945718,0.040024,8.939171e-02,1.052632e-02,101_a_q.wav
0.000011,0.000004,0.035261,0.000001,0.000004,0.000000,0.964719,0.046713,0.150758,0.681182,0.020517,0.066296,0.034533,0.036848,0.951542,0.011610,2.040250e-01,1.628088e-01,102_a_a.wav
0.000000,0.000000,0.000001,0.000000,0.000000,0.000000,0.999998,0.049185,0.025814,0.576243,0.135135,0.206881,0.006742,0.169328,0.769700,0.060972,3.191802e-01,5.472966e-01,102_b_a.wav
0.000183,0.000227,0.022739,0.000009,0.000012,0.000015,0.976814,0.105234,0.230100,0.528028,0.021550,0.077972,0.037116,0.032231,0.814681,0.153088,3.202872e-01,2.009756e-01,103_a_q.wav
0.000101,0.000015,0.610082,0.000005,0.000053,0.000001,0.389744,0.158872,0.317314,0.353272,0.027423,0.087321,0.055798,0.004033,0.639829,0.356139,2.186108e-01,1.050682e-01,104_a_q.wav
0.000414,0.000673,0.047032,0.000035,0.000233,0.000078,0.951536,0.154070,0.489457,0.119665,0.039862,0.098082,0.098864,0.021443,0.945441,0.033116,5.743564e-02,1.475610e-01,105_a_a.wav
0.000015,0.000018,0.006232,0.000001,0.000003,0.000001,0.993730,0.126633,0.298113,0.337370,0.058937,0.103631,0.075315,0.037379,0.958267,0.004354,9.446316e-02,2.878300e-01,105_b_a.wav
0.000011,0.000009,0.004605,0.000000,0.000000,0.000000,0.995373,0.046617,0.088405,0.647101,0.088388,0.097096,0.032394,0.068862,0.920721,0.010417,1.295261e-01,3.485851e-01,105_c_a.wav
0.000078,0.000074,0.012302,0.000003,0.000006,0.000004,0.987533,0.107950,0.301690,0.362016,0.056333,0.109067,0.062945,0.067119,0.921540,0.011341,6.990728e-02,2.088487e-01,105_d_a.wav
0.000012,0.000001,0.001150,0.000000,0.000007,0.000002,0.998828,0.052104,0.220951,0.143708,0.070336,0.129394,0.383508,0.034615,0.951483,0.013902,-9.600489e-02,1.383016e-01,106_a_q.wav
0.000345,0.006969,0.001710,0.000184,0.000182,0.000806,0.989805,0.029288,0.352122,0.047466,0.046323,0.079326,0.445475,0.028853,0.952329,0.018817,-1.533940e-01,4.253961e-02,106_b_q.wav
0.000346,0.005895,0.035067,0.000101,0.000318,0.000482,0.957791,0.068630,0.390104,0.107761,0.038462,0.047450,0.347592,0.014947,0.550714,0.434339,7.428410e-02,6.856489e-02,107_a_q.wav
0.000205,0.005300,0.000966,0.000088,0.000138,0.000591,0.992713,0.021479,0.283550,0.055396,0.039381,0.063951,0.536243,0.030226,0.926267,0.043507,-1.207801e-01,1.020707e-01,108_a_q.wav
0.000000,0.000000,0.000000,0.000000,0.000000,0.000000,1.000000,0.073927,0.203867,0.175370,0.267450,0.181341,0.098044,0.226970,0.665296,0.107734,1.462390e-01,3.852452e-01,109_a_a.wav
0.000323,0.000738,0.003472,0.000330,0.000264,0.000107,0.994765,0.065236,0.521899,0.067916,0.061227,0.078068,0.205654,0.020730,0.811074,0.168196,-5.058596e-02,4.047867e-02,109_b_a.wav
0.000033,0.000022,0.006541,0.000001,0.000005,0.000001,0.993396,0.118789,0.356581,0.229381,0.107875,0.109672,0.077702,0.017721,0.820862,0.161417,1.602603e-01,2.412204e-01,109_c_a.wav
0.000000,0.000000,0.000000,0.000000,0.000000,0.000000,1.000000,0.068039,0.282389,0.171361,0.142922,0.107673,0.227617,0.106888,0.746346,0.146767,4.134176e-02,2.132598e-01,109_d_a.wav
0.000035,0.000040,0.009343,0.000002,0.000004,0.000003,0.990572,0.123997,0.278231,0.300709,0.058332,0.152888,0.085843,0.055199,0.928601,0.016200,9.518803e-02,2.146704e-01,10_a_a.wav
0.000021,0.000016,0.005779,0.000001,0.000006,0.000002,0.994176,0.138564,0.331843,0.168850,0.061488,0.195177,0.104079,0.033269,0.959147,0.007584,1.094817e-01,2.196181e-01,10_b_a.wav
0.000031,0.000004,0.002927,0.000000,0.000010,0.000000,0.997027,0.052038,0.352395,0.104410,0.099234,0.124159,0.267765,0.026846,0.958505,0.014649,-1.030869e-01,8.776715e-02,110_a_q.wav
0.000023,0.000029,0.007960,0.000002,0.000002,0.000002,0.991982,0.100904,0.372605,0.178895,0.093581,0.109286,0.144729,0.063975,0.703994,0.232031,3.367673e-02,2.836676e-01,111_a_q.wav
0.000015,0.000002,0.002082,0.000000,0.000003,0.000000,0.997898,0.103878,0.263537,0.155912,0.092893,0.134107,0.249674,0.039391,0.949034,0.011575,-1.437996e-02,2.501789e-01,113_a_q.wav
0.000096,0.000125,0.016566,0.000007,0.000002,0.000008,0.983197,0.096644,0.231659,0.372908,0.057900,0.161202,0.079688,0.014089,0.654960,0.330951,1.957630e-01,2.136056e-01,114_a_a.wav
0.000000,0.000000,0.000000,0.000000,0.000000,0.000000,0.999999,0.053098,0.039452,0.396648,0.242817,0.252958,0.015028,0.215720,0.666951,0.117328,2.282650e-01,4.505410e-01,114_b_a.wav
0.000020,0.000014,0.006334,0.000001,0.000000,0.000001,0.993630,0.031641,0.029737,0.685590,0.120401,0.114784,0.017847,0.162063,0.782280,0.055657,1.447039e-01,4.053991e-01,115_a_q.wav
0.000000,0.000000,0.000000,0.000000,0.000000,0.000000,1.000000,0.024750,0.067810,0.173939,0.273850,0.356992,0.102659,0.134888,0.785188,0.079924,-5.881039e-02,2.819738e-01,116_a_q.wav
0.000203,0.000012,0.040324,0.000008,0.000054,0.000004,0.959395,0.178345,0.347685,0.200973,0.047522,0.152901,0.072574,0.043214,0.926252,0.030534,4.737342e-02,1.445573e-01,117_a_a.wav
0.000602,0.001949,0.022445,0.000039,0.000220,0.000185,0.974560,0.127964,0.517450,0.107809,0.041083,0.101940,0.103754,0.015455,0.973103,0.011441,-3.280800e-03,6.206201e-02,117_b_a.wav
0.000288,0.000019,0.261419,0.000008,0.000090,0.000001,0.738175,0.182416,0.448468,0.182963,0.036682,0.084851,0.064621,0.030307,0.898697,0.070996,1.447822e-01,9.748415e-02,118_a_a.wav
0.001076,0.001974,0.599154,0.000104,0.000365,0.000157,0.397170,0.172538,0.473589,0.168150,0.032555,0.085111,0.068058,0.019507,0.880570,0.099924,7.053246e-02,-3.611678e-02,118_b_a.wav
0.000155,0.000881,0.002013,0.000027,0.000115,0.000115,0.996695,0.044381,0.402018,0.076798,0.042963,0.073360,0.360479,0.022415,0.954496,0.023089,-1.520318e-01,2.813176e-02,119_a_q.wav
0.000665,0.008017,0.028155,0.000171,0.000427,0.001120,0.961445,0.045662,0.563491,0.072457,0.048903,0.095539,0.173949,0.022315,0.895265,0.082421,-1.030807e-01,-3.505465e-03,120_a_q.wav
0.000592,0.000085,0.108640,0.000020,0.000125,0.000004,0.890535,0.159001,0.490852,0.103143,0.048221,0.067783,0.131001,0.015955,0.455582,0.528463,1.044276e-01,1.234280e-01,121_a_q.wav
0.000000,0.000000,0.000000,0.000000,0.000000,0.000000,1.000000,0.047249,0.049452,0.325661,0.432373,0.125761,0.019505,0.371002,0.337065,0.291932,3.209296e-01,6.914668e-01,122_a_a.wav
0.003540,0.034548,0.031249,0.001844,0.003498,0.003652,0.921670,0.108942,0.387705,0.120299,0.028806,0.043986,0.310262,0.011695,0.691109,0.297196,3.367918e-02,9.352430e-02,123_a_q.wav
0.000055,0.000008,0.046679,0.000004,0.000001,0.000001,0.953252,0.051414,0.101740,0.619209,0.040063,0.166684,0.020890,0.012348,0.987139,0.000513,1.757400e-01,2.720469e-01,124_a_a.wav
0.000021,0.000013,0.005129,0.000000,0.000010,0.000004,0.994823,0.068876,0.284749,0.427795,0.026791,0.092160,0.099629,0.037643,0.887480,0.074877,1.029640e-01,4.996084e-02,125_a_q.wav
0.000000,0.000000,0.000000,0.000000,0.000000,0.000000,1.000000,0.036095,0.024696,0.176802,0.467801,0.288032,0.006575,0.336726,0.371066,0.292207,3.240322e-01,8.207860e-01,126_a_a.wav
0.000000,0.000000,0.000000,0.000000,0.000000,0.000000,1.000000,0.086361,0.035443,0.263239,0.152684,0.440577,0.021695,0.223868,0.665529,0.110603,3.003077e-01,5.038413e-01,126_b_a.wav
0.000029,0.000017,0.005671,0.000001,0.000015,0.000006,0.994262,0.082766,0.355976,0.200118,0.042331,0.142805,0.176004,0.047467,0.885651,0.066882,3.441982e-02,1.162834e-01,127_a_q.wav
0.000064,0.000430,0.009022,0.000003,0.000039,0.000052,0.990389,0.120751,0.315158,0.123919,0.042728,0.211495,0.185949,0.013964,0.952166,0.033870,2.884163e-02,1.018274e-02,128_a_q.wav
0.000075,0.000012,0.056897,0.000003,0.000014,0.000001,0.942998,0.114097,0.329122,0.312583,0.060648,0.108552,0.074999,0.066840,0.923196,0.009963,1.130228e-01,1.925470e-01,129_a_a.wav
0.001991,0.000288,0.138779,0.000289,0.001229,0.000022,0.857403,0.183309,0.451010,0.188238,0.033382,0.066574,0.077487,0.032369,0.784128,0.183503,1.497629e-01,9.568008e-02,129_b_a.wav
0.000181,0.000233,0.023047,0.000008,0.000005,0.000014,0.976513,0.090367,0.218963,0.415048,0.050243,0.152376,0.073003,0.025468,0.959306,0.015226,-4.450959e-02,1.375786e-01,12_a_q.wav
0.000868,0.002440,0.127561,0.000092,0.000524,0.000178,0.868338,0.070230,0.444987,0.100484,0.039839,0.084196,0.260264,0.023215,0.926659,0.050126,5.782986e-02,-2.600804e-02,130_a_q.wav
0.004050,0.047232,0.040053,0.001393,0.002323,0.006790,0.898159,0.095573,0.569781,0.078739,0.033868,0.094178,0.127861,0.021757,0.963252,0.014992,-1.287358e-01,-3.448255e-02,131_a_q.wav
0.006859,0.006174,0.398286,0.000890,0.003089,0.000431,0.584272,0.134926,0.615848,0.102184,0.023906,0.049270,0.073866,0.011663,0.911903,0.076433,4.727991e-02,6.739230e-02,132_a_a.wav
0.002577,0.002869,0.292977,0.000190,0.000984,0.000168,0.700235,0.151292,0.570945,0.113859,0.027453,0.062709,0.073742,0.023430,0.936152,0.040417,9.688307e-02,9.500140e-02,132_b_a.wav
0.000882,0.008685,0.034294,0.000316,0.000516,0.001652,0.953655,0.087151,0.389639,0.159647,0.043132,0.195768,0.124663,0.021211,0.963699,0.015090,-1.056473e-01,-6.238792e-02,133_a_q.wav
0.001296,0.012571,0.035224,0.000303,0.000640,0.002006,0.947960,0.070878,0.482040,0.112050,0.042416,0.119076,0.173540,0.009548,0.972982,0.017470,-1.366109e-01,-1.101376e-01,133_b_q.wav
0.000000,0.000000,0.000000,0.000000,0.000000,0.000000,1.000000,0.022891,0.021277,0.733434,0.134962,0.078158,0.009278,0.331482,0.389680,0.278838,2.280867e-01,5.843312e-01,134_a_a.wav
0.000000,0.000000,0.000000,0.000000,0.000000,0.000000,0.999999,0.055024,0.041260,0.229734,0.390639,0.264116,0.019228,0.153054,0.409549,0.437397,1.486464e-01,5.586558e-01,134_b_a.wav
0.000011,0.000011,0.004737,0.000000,0.000000,0.000001,0.995240,0.109856,0.257336,0.225120,0.147076,0.153414,0.107198,0.123127,0.844076,0.032797,7.642713e-02,2.730581e-01,134_c_a.wav
0.000046,0.000036,0.009493,0.000002,0.000000,0.000002,0.990421,0.036115,0.041028,0.504280,0.173117,0.185121,0.060339,0.055563,0.936780,0.007656,2.763337e-02,2.314537e-01,136_a_q.wav
0.000090,0.000030,0.002239,0.000011,0.000048,0.000014,0.997569,0.045184,0.346777,0.105605,0.058568,0.095844,0.348021,0.051485,0.903855,0.044660,-1.338577e-01,-1.752289e-02,137_a_q.wav
0.000050,0.000010,0.058103,0.000004,0.000001,0.000001,0.941832,0.027306,0.017623,0.826948,0.026783,0.087313,0.014027,0.076655,0.911141,0.012204,2.690328e-01,3.061765e-01,138_a_a.wav
0.000085,0.000049,0.013392,0.000004,0.000003,0.000002,0.986464,0.032432,0.013229,0.794894,0.065914,0.088913,0.004618,0.272756,0.540504,0.186740,2.627800e-01,4.258090e-01,138_b_a.wav
0.000075,0.000008,0.314947,0.000006,0.000078,0.000001,0.684883,0.110411,0.244805,0.507437,0.018926,0.067276,0.051146,0.030560,0.959435,0.010005,2.312105e-01,2.815123e-02,138_c_a.wav
0.000000,0.000000,0.000000,0.000000,0.000000,0.000000,1.000000,0.045064,0.024879,0.592390,0.210771,0.122090,0.004807,0.316597,0.344459,0.338944,6.054234e-01,8.105000e-01,138_d_a.wav
0.000004,0.000005,0.003089,0.000000,0.000001,0.000000,0.996901,0.050863,0.138928,0.518120,0.039075,0.162170,0.090844,0.039114,0.938805,0.022081,6.651030e-02,1.723141e-01,139_a_q.wav
0.000107,0.000715,0.003597,0.000009,0.000052,0.000091,0.995429,0.052349,0.336027,0.121188,0.053737,0.130481,0.306219,0.020288,0.966011,0.013701,-1.003952e-01,5.897897e-02,13_a_q.wav
0.000050,0.000014,0.005426,0.000001,0.000020,0.000002,0.994488,0.064480,0.332672,0.169068,0.056599,0.139605,0.237575,0.023013,0.949442,0.027545,-2.102529e-02,1.290091e-01,140_a_q.wav
0.009664,0.259257,0.048047,0.005660,0.008790,0.054429,0.614152,0.128646,0.280262,0.140390,0.020162,0.031640,0.398901,0.003178,0.959200,0.037622,7.074680e-02,5.125186e-02,141_a_q.wav
0.000003,0.000002,0.001967,0.000000,0.000002,0.000000,0.998026,0.031239,0.150425,0.541699,0.039043,0.098808,0.138786,0.049050,0.928057,0.022893,1.965979e-02,1.028592e-01,142_a_q.wav
0.000003,0.000002,0.038282,0.000001,0.000001,0.000000,0.961711,0.011095,0.017588,0.932264,0.021859,0.013189,0.004006,0.128724,0.828538,0.042738,1.561442e-01,3.085199e-01,143_a_a.wav
0.000037,0.000022,0.008763,0.000002,0.000001,0.000001,0.991174,0.050670,0.026916,0.627440,0.176293,0.110415,0.008265,0.242655,0.622312,0.135033,3.952352e-01,7.343386e-01,143_b_a.wav
0.000090,0.000016,0.050539,0.000004,0.000002,0.000001,0.949348,0.077235,0.164814,0.645882,0.030860,0.056517,0.024693,0.049431,0.716812,0.233757,3.005679e-01,3.230261e-01,143_c_a.wav
0.000172,0.000229,0.022946,0.000014,0.000008,0.000013,0.976617,0.127512,0.427390,0.173555,0.066672,0.093738,0.111133,0.055088,0.927917,0.016994,7.562232e-02,1.654802e-01,144_a_q.wav
0.000013,0.000009,0.004369,0.000000,0.000003,0.000001,0.995604,0.107159,0.261113,0.173212,0.080757,0.254603,0.123155,0.031192,0.962905,0.005903,1.727619e-03,1.922288e-01,145_a_q.wav
0.000017,0.000019,0.006396,0.000001,0.000001,0.000001,0.993563,0.134328,0.358520,0.192499,0.074591,0.122846,0.117216,0.057591,0.898996,0.043413,1.962500e-01,2.454969e-01,146_a_q.wav
0.000139,0.000137,0.017271,0.000008,0.000003,0.000007,0.982434,0.032686,0.068277,0.814781,0.033414,0.037982,0.012860,0.087780,0.891554,0.020666,1.624119e-01,3.928524e-01,147_a_a.wav
0.000025,0.000016,0.007093,0.000001,0.000001,0.000001,0.992863,0.034858,0.032625,0.703821,0.147666,0.068276,0.012754,0.206519,0.646085,0.147395,2.782676e-01,5.421381e-01,148_a_q.wav
0.001187,0.000139,0.193408,0.000032,0.000479,0.000013,0.804743,0.269241,0.332874,0.184594,0.034183,0.114968,0.064140,0.003669,0.854971,0.141360,2.906015e-01,7.983817e-02,149_a_a.wav
0.001087,0.000181,0.775389,0.000047,0.000196,0.000014,0.223086,0.260281,0.276844,0.244102,0.028867,0.139769,0.050136,0.008193,0.989228,0.002579,2.146230e-01,2.766117e-02,149_b_a.wav
0.000074,0.000013,0.565547,0.000003,0.000014,0.000001,0.434348,0.050670,0.075763,0.801901,0.006149,0.058814,0.006702,0.030731,0.965139,0.004130,2.662937e-01,1.187222e-01,149_c_a.wav
0.000045,0.000035,0.009395,0.000003,0.000003,0.000002,0.990517,0.080741,0.179135,0.571134,0.046116,0.078026,0.044849,0.038820,0.953912,0.007267,2.777215e-01,3.213593e-01,14_a_a.wav
0.023474,0.115915,0.204791,0.009532,0.015020,0.026128,0.605139,0.138392,0.559076,0.090902,0.024109,0.057482,0.130038,0.004875,0.949223,0.045902,7.421390e-02,-7.722586e-02,14_b_a.wav
0.000274,0.000197,0.023134,0.000016,0.000018,0.000011,0.976350,0.035818,0.096254,0.788471,0.018722,0.036606,0.024128,0.033031,0.957892,0.009078,2.794497e-01,1.870662e-01,14_c_a.wav
0.000467,0.000242,0.523984,0.000067,0.000130,0.000017,0.475093,0.105487,0.299923,0.446883,0.021241,0.068350,0.058116,0.005778,0.735871,0.258352,1.617194e-01,3.055856e-03,14_d_a.wav
0.000489,0.000168,0.106445,0.000028,0.000269,0.000026,0.892576,0.098662,0.438247,0.219056,0.027938,0.122034,0.094064,0.009719,0.834973,0.155308,7.391315e-02,1.478823e-02,14_e_a.wav
0.001169,0.000106,0.374811,0.000027,0.000348,0.000010,0.623529,0.165074,0.390761,0.242935,0.031981,0.086003,0.083247,0.011534,0.884959,0.103507,9.949604e-02,-2.617555e-02,150_a_q.wav
0.000028,0.000005,0.197074,0.000002,0.000002,0.000000,0.802888,0.028131,0.075501,0.841925,0.010214,0.033302,0.010926,0.077646,0.907002,0.015352,2.775611e-01,2.993588e-01,151_a_q.wav
0.000402,0.000056,0.451367,0.000014,0.000132,0.000004,0.548025,0.094877,0.202997,0.604099,0.013486,0.060413,0.024127,0.015670,0.968872,0.015458,2.381558e-01,1.570917e-01,152_a_q.wav
0.000156,0.000029,0.078203,0.000011,0.000059,0.000002,0.921540,0.137420,0.321174,0.352372,0.034719,0.093357,0.060956,0.024285,0.465879,0.509836,1.233701e-01,1.309326e-01,153_a_a.wav
0.000083,0.000015,0.061927,0.000009,0.000055,0.000001,0.937910,0.133533,0.377168,0.299553,0.035090,0.075766,0.078890,0.026100,0.969319,0.004580,1.106813e-01,1.290030e-01,153_b_a.wav
0.000689,0.002398,0.008796,0.000093,0.000403,0.000366,0.987255,0.103871,0.451529,0.099896,0.038696,0.146506,0.159502,0.009636,0.977484,0.012880,-6.555351e-02,4.092609e-02,154_a_q.wav
0.000345,0.000492,0.002774,0.000168,0.000276,0.000081,0.995863,0.061012,0.361510,0.109698,0.041129,0.060880,0.365771,0.038023,0.780444,0.181533,-1.376921e-01,-2.870783e-03,155_a_q.wav
0.000002,0.000002,0.001794,0.000000,0.000000,0.000000,0.998203,0.056792,0.028175,0.518085,0.090992,0.292589,0.013368,0.238183,0.612070,0.149747,3.794513e-01,6.831025e-01,156_a_a.wav
0.000060,0.000073,0.012419,0.000005,0.000002,0.000004,0.987437,0.095875,0.225860,0.185417,0.065912,0.330321,0.096615,0.013753,0.985329,0.000918,1.144810e-01,3.288763e-01,156_b_a.wav
0.000010,0.000003,0.028374,0.000001,0.000006,0.000000,0.971606,0.133770,0.293379,0.282734,0.046153,0.167496,0.076469,0.031938,0.965174,0.002888,1.228838e-01,1.618349e-01,157_a_q.wav
0.000012,0.000003,0.030790,0.000002,0.000002,0.000000,0.969191,0.007973,0.019981,0.942353,0.008227,0.012030,0.009437,0.082912,0.895323,0.021765,1.630267e-01,1.365099e-01,159_a_a.wav
0.006067,0.117968,0.053743,0.003630,0.005307,0.016504,0.796782,0.103826,0.501956,0.093108,0.029970,0.053307,0.217833,0.014219,0.639470,0.346310,-1.891371e-02,-7.145749e-02,159_b_a.wav
0.001301,0.004173,0.342038,0.000152,0.000560,0.000383,0.651394,0.172316,0.486489,0.164847,0.029584,0.083140,0.063624,0.017049,0.972992,0.009959,1.030082e-01,3.541977e-02,159_c_a.wav
0.001069,0.000300,0.098110,0.000052,0.000481,0.000034,0.899953,0.137742,0.499750,0.125630,0.032963,0.088361,0.115554,0.009049,0.528320,0.462630,1.151428e-01,7.033629e-02,15_a_q.wav
0.000048,0.000052,0.010680,0.000003,0.000006,0.000003,0.989208,0.126700,0.450245,0.155570,0.071162,0.092996,0.103327,0.050994,0.795168,0.153837,2.491220e-02,1.809579e-01,160_a_q.wav
0.005202,0.072253,0.023321,0.002111,0.002775,0.007851,0.886487,0.066456,0.527408,0.064715,0.032434,0.043596,0.265391,0.015539,0.876571,0.107890,-1.566442e-01,-1.834784e-02,160_b_q.wav
0.000001,0.000001,0.001130,0.000000,0.000000,0.000000,0.998869,0.061681,0.179653,0.335023,0.111736,0.216934,0.094973,0.107030,0.803889,0.089081,1.319348e-01,3.310359e-01,161_a_q.wav
0.000000,0.000000,0.000000,0.000000,0.000000,0.000000,0.999999,0.066719,0.170733,0.449536,0.087096,0.120890,0.105026,0.064161,0.924243,0.011596,2.881392e-01,4.344007e-01,162_a_a.wav
0.000000,0.000000,0.000000,0.000000,0.000000,0.000000,0.999999,0.028806,0.028345,0.777584,0.078865,0.051437,0.034963,0.069034,0.917935,0.013032,3.083526e-01,4.553315e-01,162_b_a.wav
0.000215,0.000177,0.019968,0.000014,0.000043,0.000012,0.979571,0.098107,0.391840,0.141923,0.044943,0.079375,0.243812,0.012344,0.767985,0.219671,5.997589e-02,2.113214e-01,162_c_a.wav
0.000386,0.000014,0.027941,0.000015,0.000127,0.000004,0.971513,0.124094,0.360318,0.226058,0.040876,0.116686,0.131969,0.019055,0.961990,0.018955,6.894294e-02,1.248160e-01,163_a_q.wav
0.000269,0.000303,0.026418,0.000012,0.000050,0.000031,0.972917,0.120534,0.390862,0.168433,0.044141,0.185968,0.090061,0.010672,0.976752,0.012577,7.548712e-02,1.128033e-01,164_a_q.wav
0.001181,0.006555,0.027969,0.000216,0.000771,0.001001,0.962308,0.133084,0.412184,0.114089,0.028293,0.059338,0.253013,0.006589,0.910492,0.082919,-2.932730e-02,5.745392e-02,165_a_q.wav
0.000000,0.000000,0.000000,0.000000,0.000000,0.000000,1.000000,0.078397,0.038890,0.208553,0.187627,0.466587,0.019945,0.254027,0.513870,0.232103,4.001404e-01,5.041320e-01,166_a_a.wav
0.000001,0.000001,0.001285,0.000000,0.000000,0.000000,0.998713,0.059652,0.114833,0.497722,0.042393,0.236862,0.048536,0.052086,0.941171,0.006744,9.330408e-02,2.048909e-01,166_b_a.wav
0.000000,0.000000,0.000000,0.000000,0.000000,0.000000,1.000000,0.019119,0.024447,0.100785,0.534566,0.313016,0.008068,0.496834,0.248725,0.254440,1.817894e-01,6.255408e-01,167_a_q.wav
0.000053,0.000031,0.008107,0.000002,0.000019,0.000002,0.991786,0.163521,0.409527,0.125675,0.057811,0.124227,0.119239,0.024692,0.973228,0.002080,1.116047e-01,2.010404e-01,168_a_q.wav
0.000000,0.000000,0.000000,0.000000,0.000000,0.000000,0.999999,0.044780,0.160126,0.415823,0.135325,0.086878,0.157068,0.135175,0.826022,0.038803,6.377907e-02,4.485536e-01,169_a_a.wav
0.000238,0.000294,0.025817,0.000020,0.000017,0.000017,0.973596,0.075231,0.238449,0.471755,0.028197,0.131208,0.055160,0.017697,0.842728,0.139575,1.028637e-01,2.572839e-01,169_b_a.wav
0.000002,0.000002,0.001917,0.000000,0.000001,0.000000,0.998077,0.057775,0.219334,0.408698,0.056406,0.168173,0.089614,0.038059,0.940379,0.021562,4.900742e-02,3.158395e-01,169_c_a.wav
0.000610,0.003922,0.140617,0.000054,0.000391,0.000297,0.854108,0.104965,0.474722,0.165370,0.031971,0.069624,0.153347,0.018174,0.698323,0.283504,3.125019e-02,3.845933e-02,16_a_q.wav
0.000093,0.000010,0.049453,0.000004,0.000036,0.000001,0.950403,0.154829,0.363738,0.230181,0.040585,0.127280,0.083387,0.011771,0.981480,0.006749,1.272756e-01,1.860160e-01,16_b_q.wav
0.000091,0.000028,0.007721,0.000004,0.000038,0.000003,0.992115,0.122493,0.423424,0.129110,0.054297,0.109475,0.161200,0.012095,0.764763,0.223142,4.424754e-02,2.121716e-01,170_a_q.wav
0.031215,0.108322,0.183485,0.016014,0.020751,0.030326,0.609887,0.180257,0.418227,0.133858,0.028125,0.055158,0.184376,0.006603,0.722561,0.270836,4.946510e-02,-1.944181e-01,171_a_q.wav
0.000096,0.000091,0.014122,0.000007,0.000015,0.000007,0.985663,0.123378,0.352076,0.140108,0.057675,0.194530,0.132233,0.021625,0.973476,0.004899,1.745570e-02,1.091156e-01,172_a_q.wav
0.000047,0.000007,0.034482,0.000002,0.000000,0.000001,0.965460,0.023835,0.016624,0.799056,0.043916,0.110822,0.005747,0.096405,0.883644,0.019951,1.376732e-01,2.400830e-01,173_a_a.wav
0.000302,0.000015,0.367777,0.000009,0.000130,0.000002,0.631766,0.116546,0.341010,0.332819,0.025144,0.134080,0.050401,0.002923,0.981366,0.015711,6.597730e-02,6.570097e-02,173_b_a.wav
0.000007,0.000010,0.004475,0.000000,0.000000,0.000001,0.995508,0.027624,0.023921,0.724493,0.069373,0.137725,0.016864,0.084732,0.890862,0.024405,1.904404e-01,3.661882e-01,174_a_q.wav
0.000009,0.000004,0.035830,0.000001,0.000003,0.000000,0.964153,0.024004,0.046687,0.825421,0.014968,0.070116,0.018803,0.032484,0.965026,0.002489,1.410244e-01,3.075622e-01,175_a_a.wav
0.000285,0.000135,0.031683,0.000009,0.000131,0.000025,0.967730,0.106276,0.452288,0.120268,0.037411,0.140492,0.143264,0.004637,0.990384,0.004979,-8.130153e-03,1.778733e-01,175_b_a.wav
0.000075,0.000087,0.013479,0.000005,0.000002,0.000005,0.986347,0.083971,0.136333,0.521133,0.032323,0.188430,0.037810,0.039817,0.950726,0.009457,1.965074e-01,1.960535e-01,176_a_q.wav
0.000189,0.000046,0.063046,0.000009,0.000113,0.000013,0.936584,0.150660,0.508359,0.126441,0.029666,0.095316,0.089559,0.017719,0.964582,0.017699,1.132557e-01,6.555682e-02,177_a_q.wav
0.000059,0.000012,0.055396,0.000005,0.000013,0.000001,0.944513,0.062040,0.188724,0.616347,0.019784,0.069085,0.044020,0.022142,0.973188,0.004670,8.468530e-02,1.416726e-01,178_a_a.wav
0.000040,0.000030,0.008905,0.000002,0.000001,0.000002,0.991020,0.054157,0.032304,0.484894,0.078458,0.331921,0.018267,0.184262,0.744766,0.070972,1.471295e-01,3.449374e-01,178_b_a.wav
0.000000,0.000000,0.000743,0.000000,0.000000,0.000000,0.999256,0.040309,0.063701,0.603721,0.056076,0.179729,0.056464,0.190756,0.733547,0.075697,5.082161e-02,1.546457e-01,179_a_q.wav
0.000167,0.000009,0.039120,0.000003,0.000053,0.000002,0.960645,0.156998,0.391309,0.144990,0.043168,0.107550,0.155984,0.006466,0.905375,0.088159,1.539008e-01,9.040500e-02,17_a_q.wav
0.000015,0.000005,0.003046,0.000000,0.000015,0.000003,0.996916,0.048294,0.191498,0.452160,0.031217,0.103285,0.173546,0.030811,0.933481,0.035708,-2.104923e-02,-8.477079e-03,180_a_q.wav
0.000089,0.000102,0.014693,0.000007,0.000008,0.000006,0.985096,0.128184,0.359977,0.211365,0.051092,0.161527,0.087855,0.013424,0.981056,0.005520,1.885277e-01,1.858703e-01,181_a_a.wav
0.000037,0.000025,0.007122,0.000001,0.000030,0.000007,0.992778,0.057749,0.269198,0.437969,0.023127,0.124471,0.087486,0.011868,0.964932,0.023200,6.833185e-02,1.505903e-01,182_a_q.wav
0.000065,0.000006,0.042048,0.000003,0.000023,0.000000,0.957854,0.108717,0.333208,0.344974,0.041772,0.087018,0.084311,0.014539,0.962032,0.023428,5.737102e-02,1.690448e-01,183_a_a.wav
0.000051,0.000012,0.005046,0.000002,0.000014,0.000001,0.994874,0.078376,0.321639,0.195168,0.061086,0.101701,0.242029,0.026278,0.899161,0.074561,-1.920627e-03,1.436418e-01,183_b_a.wav
0.001055,0.005231,0.054183,0.000091,0.000482,0.000619,0.938338,0.123168,0.508872,0.151351,0.028771,0.082054,0.105785,0.015721,0.966366,0.017912,4.389347e-02,1.170490e-01,183_c_a.wav
0.000007,0.000001,0.001343,0.000000,0.000002,0.000000,0.998647,0.051393,0.250554,0.171329,0.084559,0.127779,0.314386,0.051380,0.931363,0.017256,-2.402446e-02,1.367087e-01,183_d_a.wav
0.000409,0.002874,0.007693,0.000289,0.000530,0.000348,0.987858,0.057755,0.393314,0.112062,0.036940,0.085655,0.314274,0.037914,0.921826,0.040260,-9.796159e-02,-4.313184e-02,184_a_q.wav
0.000000,0.000000,0.000000,0.000000,0.000000,0.000000,1.000000,0.050501,0.204206,0.278176,0.252020,0.100918,0.114178,0.252383,0.611861,0.135755,2.515471e-01,4.230857e-01,185_a_q.wav
0.000000,0.000000,0.000000,0.000000,0.000000,0.000000,1.000000,0.125380,0.252742,0.166917,0.131545,0.189997,0.133420,0.156007,0.794061,0.049932,9.071095e-02,3.061770e-01,187_a_q.wav
0.000026,0.000029,0.007611,0.000002,0.000001,0.000002,0.992330,0.019026,0.028649,0.861313,0.024123,0.050915,0.015975,0.130742,0.735170,0.134088,1.810468e-01,3.320731e-01,188_a_a.wav
0.000558,0.001750,0.031740,0.000059,0.000291,0.000253,0.965349,0.098001,0.452965,0.105415,0.039480,0.130245,0.173894,0.008104,0.974922,0.016974,-8.111878e-03,2.985969e-02,188_b_a.wav
0.000087,0.000103,0.014673,0.000007,0.000003,0.000006,0.985122,0.032594,0.048472,0.714969,0.035381,0.141515,0.027068,0.041127,0.896851,0.062022,1.557307e-01,2.553329e-01,188_c_a.wav
0.000631,0.011312,0.057128,0.000223,0.000571,0.001653,0.928481,0.135370,0.389782,0.257780,0.024097,0.085286,0.107685,0.017594,0.786839,0.195567,1.121046e-01,3.681918e-02,189_a_q.wav
0.000010,0.000014,0.005473,0.000001,0.000000,0.000001,0.994501,0.073414,0.144267,0.499548,0.033479,0.208617,0.040674,0.070614,0.912493,0.016894,1.980438e-01,3.050244e-01,18_a_q.wav
0.000094,0.000107,0.015364,0.000005,0.000010,0.000007,0.984413,0.134994,0.275050,0.189100,0.048194,0.291358,0.061304,0.029899,0.959440,0.010660,4.346841e-02,1.966416e-01,190_a_q.wav
0.000403,0.000054,0.330593,0.000018,0.000231,0.000006,0.668694,0.170255,0.463376,0.160946,0.031123,0.101287,0.073014,0.009078,0.811424,0.179498,1.295184e-01,4.414218e-02,191_a_q.wav
0.000675,0.000095,0.094089,0.000012,0.000058,0.000007,0.905064,0.132111,0.251734,0.268663,0.027594,0.273931,0.045967,0.005714,0.955248,0.039038,1.266687e-01,1.602443e-01,19_a_a.wav
0.000969,0.002374,0.108562,0.000096,0.000711,0.000172,0.887115,0.139208,0.472144,0.124624,0.038097,0.115291,0.110636,0.014022,0.851275,0.134702,-1.820393e-02,-9.129715e-02,1_a_q.wav
0.008192,0.049029,0.101774,0.003050,0.006029,0.010813,0.821113,0.145660,0.537094,0.110336,0.026650,0.086817,0.093443,0.006317,0.972524,0.021159,7.994545e-03,-5.263006e-02,20_a_q.wav
0.000004,0.000005,0.003161,0.000000,0.000001,0.000000,0.996829,0.091894,0.293412,0.201932,0.072024,0.134305,0.206434,0.096761,0.879975,0.023265,1.835431e-01,2.743354e-01,21_a_a.wav
0.000850,0.004261,0.004312,0.000935,0.001089,0.000415,0.988138,0.077309,0.166990,0.124131,0.023474,0.024437,0.583660,0.042129,0.832967,0.124904,-1.237823e-02,-1.151253e-02,22_a_q.wav
0.000299,0.000232,0.022990,0.000016,0.000041,0.000017,0.976405,0.109206,0.440019,0.135196,0.063884,0.133468,0.118228,0.015642,0.960309,0.024049,-5.364332e-02,5.904986e-02,23_a_q.wav
0.000576,0.000345,0.028038,0.000032,0.000239,0.000022,0.970747,0.129203,0.592418,0.075515,0.043837,0.064565,0.094463,0.016423,0.900545,0.083033,1.200961e-01,1.545789e-01,24_a_a.wav
0.000047,0.000030,0.009827,0.000002,0.000002,0.000001,0.990090,0.114755,0.240055,0.336686,0.165109,0.090009,0.053386,0.092924,0.777629,0.129448,1.918992e-01,3.568881e-01,24_b_a.wav
0.000050,0.000048,0.010029,0.000002,0.000003,0.000002,0.989865,0.150391,0.332661,0.279040,0.082260,0.094668,0.060980,0.083773,0.834503,0.081724,1.959905e-01,2.277889e-01,24_c_a.wav
0.000144,0.000634,0.003715,0.000019,0.000087,0.000077,0.995323,0.067414,0.318058,0.118440,0.045422,0.069441,0.381225,0.021915,0.906787,0.071298,-6.966156e-02,9.580159e-02,25_a_q.wav
0.000137,0.000078,0.012856,0.000014,0.000062,0.000010,0.986842,0.061355,0.366060,0.195170,0.057869,0.112564,0.206983,0.040344,0.926480,0.033176,-1.406130e-01,2.915865e-03,26_a_q.wav
0.000341,0.002515,0.009576,0.000092,0.000153,0.000311,0.987012,0.042478,0.423398,0.072375,0.059493,0.083292,0.318964,0.033581,0.936427,0.029992,-1.768474e-01,-3.094082e-02,27_a_q.wav
0.000496,0.000113,0.158006,0.000025,0.000106,0.000009,0.841246,0.166159,0.363550,0.160769,0.035002,0.203152,0.071369,0.008316,0.918149,0.073536,1.410782e-01,1.685719e-01,28_a_a.wav
0.000041,0.000022,0.096992,0.000011,0.000003,0.000001,0.902930,0.016223,0.018865,0.895898,0.016574,0.046244,0.006197,0.013889,0.985650,0.000462,1.602942e-01,2.879872e-01,28_b_a.wav
0.000000,0.000000,0.000000,0.000000,0.000000,0.000000,1.000000,0.079894,0.033859,0.326927,0.166784,0.383852,0.008684,0.135802,0.825798,0.038399,3.863355e-01,6.969687e-01,28_c_a.wav
0.000922,0.039203,0.013476,0.000416,0.000779,0.004790,0.940414,0.048111,0.473981,0.114891,0.027096,0.081393,0.254527,0.018298,0.884804,0.096897,-1.217556e-01,-1.351453e-01,29_a_q.wav
0.000070,0.000029,0.005657,0.000005,0.000030,0.000011,0.994197,0.050486,0.370252,0.115548,0.057968,0.161657,0.244089,0.038527,0.931000,0.030473,-9.724699e-02,4.879695e-02,29_b_q.wav
0.000294,0.000132,0.034609,0.000020,0.000149,0.000011,0.964783,0.100714,0.391733,0.131240,0.044529,0.067659,0.264125,0.019752,0.716082,0.264166,-3.808787e-02,2.164738e-02,2_a_q.wav
0.000005,0.000004,0.003019,0.000000,0.000000,0.000000,0.996971,0.005725,0.004012,0.955806,0.018873,0.010663,0.004921,0.093796,0.887752,0.018452,1.953022e-01,4.794076e-01,30_a_q.wav
0.000066,0.000088,0.013768,0.000003,0.000002,0.000005,0.986067,0.188462,0.293348,0.221087,0.050309,0.155072,0.091723,0.035572,0.934711,0.029717,2.342424e-01,3.585571e-01,31_a_a.wav
0.000172,0.000141,0.018750,0.000011,0.000004,0.000008,0.980914,0.049913,0.022367,0.718928,0.047126,0.151695,0.009971,0.111083,0.861810,0.027107,4.010618e-01,4.755764e-01,31_b_a.wav
0.000004,0.000003,0.002752,0.000000,0.000000,0.000000,0.997241,0.079760,0.087212,0.520152,0.069260,0.212106,0.031511,0.023343,0.975428,0.001229,2.644570e-01,3.529568e-01,31_c_a.wav
0.000215,0.000043,0.864746,0.000014,0.000041,0.000003,0.134939,0.104605,0.229071,0.576632,0.016398,0.040237,0.033058,0.002956,0.485271,0.511773,2.561134e-01,1.145012e-01,32_a_q.wav
0.003312,0.009313,0.647207,0.000324,0.001885,0.000798,0.337161,0.199885,0.473735,0.151710,0.027657,0.070497,0.076515,0.005104,0.537614,0.457282,1.044170e-01,-9.379773e-02,33_a_q.wav
0.000116,0.000160,0.019011,0.000005,0.000005,0.000010,0.980692,0.018459,0.046777,0.883884,0.008645,0.027992,0.014242,0.119026,0.808120,0.072854,2.874923e-01,2.250356e-01,34_a_q.wav
0.000076,0.000063,0.012267,0.000003,0.000002,0.000003,0.987586,0.175093,0.223575,0.267109,0.120978,0.160395,0.052851,0.167992,0.770318,0.061691,2.986111e-01,4.665265e-01,35_a_a.wav
0.001011,0.000130,0.132515,0.000049,0.000305,0.000011,0.865977,0.213674,0.445035,0.127117,0.043663,0.100843,0.069666,0.021665,0.952139,0.026196,4.709917e-02,1.297469e-01,35_b_a.wav
0.000729,0.000411,0.029081,0.000049,0.000260,0.000036,0.969434,0.085426,0.419398,0.128633,0.043022,0.081793,0.241728,0.015966,0.930229,0.053805,1.570397e-02,3.430295e-02,36_a_q.wav
0.003208,0.021270,0.041646,0.001629,0.002273,0.002222,0.927751,0.052896,0.367831,0.105885,0.030420,0.040699,0.402269,0.021484,0.886013,0.092503,-9.583906e-02,-7.121965e-02,37_a_q.wav
0.000464,0.000064,0.538299,0.000016,0.000228,0.000005,0.460925,0.194841,0.307279,0.262655,0.030054,0.153935,0.051237,0.004931,0.880660,0.114409,2.618798e-01,6.342190e-02,38_a_a.wav
0.000375,0.000115,0.596507,0.000083,0.000046,0.000008,0.402866,0.153929,0.265187,0.413248,0.026164,0.100519,0.040952,0.018189,0.975092,0.006719,3.068372e-01,5.719335e-02,38_b_a.wav
0.000159,0.000027,0.406439,0.000008,0.000075,0.000002,0.593291,0.190896,0.327692,0.232907,0.032277,0.164350,0.051878,0.011373,0.959306,0.029321,2.269499e-01,6.596188e-02,38_c_a.wav
0.000117,0.000027,0.093798,0.000017,0.000006,0.000002,0.906034,0.125543,0.208171,0.469994,0.030615,0.136603,0.029074,0.003401,0.989008,0.007591,2.677118e-01,1.567591e-01,38_d_a.wav
0.002713,0.032992,0.134841,0.001169,0.002008,0.006148,0.820128,0.121211,0.472495,0.157665,0.028252,0.111307,0.109069,0.006041,0.948646,0.045313,1.142115e-02,3.265710e-02,39_a_q.wav
0.008116,0.065530,0.116626,0.003621,0.005767,0.015682,0.784659,0.147836,0.485439,0.118082,0.021786,0.177640,0.049218,0.003880,0.982567,0.013553,-1.386827e-02,3.227159e-02,39_b_q.wav
0.000012,0.000007,0.041849,0.000001,0.000007,0.000001,0.958123,0.064480,0.140416,0.590647,0.019034,0.170735,0.014688,0.034550,0.955480,0.009970,2.641761e-02,1.029686e-01,3_a_a.wav
0.000065,0.000080,0.012951,0.000005,0.000004,0.000005,0.986889,0.029259,0.046540,0.748475,0.019676,0.132492,0.023558,0.041457,0.791605,0.166938,1.042364e-01,2.391217e-01,40_a_q.wav
0.004009,0.042979,0.186133,0.002295,0.003627,0.008402,0.752555,0.150896,0.474875,0.154992,0.024332,0.085342,0.109562,0.011805,0.942315,0.045881,1.048837e-01,1.881277e-02,41_a_q.wav
0.001854,0.000479,0.741476,0.000055,0.000568,0.000043,0.255525,0.209061,0.453146,0.153271,0.030775,0.078889,0.074857,0.003869,0.911291,0.084840,2.594623e-01,-8.076896e-03,42_a_a.wav
0.000044,0.000008,0.266252,0.000002,0.000002,0.000001,0.733692,0.072159,0.161874,0.679691,0.015116,0.052438,0.018723,0.016979,0.411492,0.571529,3.966965e-01,2.605364e-01,42_b_a.wav
0.000107,0.000019,0.062879,0.000005,0.000050,0.000003,0.936938,0.085946,0.310312,0.357737,0.025305,0.148387,0.072313,0.033701,0.923557,0.042742,6.474360e-02,9.271532e-02,43_a_q.wav
0.000104,0.000055,0.102266,0.000009,0.000062,0.000008,0.897495,0.090562,0.278313,0.506319,0.017365,0.048480,0.058960,0.003020,0.094135,0.902845,3.190850e-01,2.024315e-01,44_a_q.wav
0.000061,0.000071,0.012420,0.000004,0.000007,0.000005,0.987433,0.034949,0.199337,0.321709,0.044986,0.116679,0.282341,0.048834,0.922414,0.028752,-3.595071e-02,1.069481e-01,45_a_a.wav
0.000012,0.000016,0.005772,0.000001,0.000000,0.000001,0.994197,0.037242,0.147177,0.587634,0.041630,0.100111,0.086205,0.059030,0.909970,0.031000,1.196307e-01,2.533280e-01,45_b_a.wav
0.000124,0.000116,0.015562,0.000008,0.000004,0.000007,0.984179,0.075674,0.182504,0.479338,0.036733,0.152778,0.072974,0.021226,0.977131,0.001643,1.157876e-01,2.333638e-01,46_a_q.wav
0.000308,0.001108,0.015233,0.000017,0.000193,0.000147,0.982994,0.103574,0.396759,0.141976,0.039253,0.126798,0.191639,0.006965,0.967890,0.025145,-5.418402e-02,3.160225e-02,46_b_q.wav
0.000134,0.000160,0.018984,0.000010,0.000025,0.000011,0.980675,0.129483,0.508867,0.105412,0.049367,0.087722,0.119148,0.023869,0.957829,0.018302,1.446322e-01,2.478376e-01,47_a_a.wav
0.000812,0.000071,0.087550,0.000036,0.000294,0.000006,0.911230,0.168102,0.452033,0.138967,0.045945,0.089642,0.105312,0.020207,0.878817,0.100975,1.077763e-01,1.526762e-01,49_a_a.wav
0.000472,0.000051,0.056605,0.000032,0.000216,0.000004,0.942620,0.122593,0.491239,0.141633,0.052510,0.087032,0.104992,0.037260,0.894587,0.068153,3.015321e-02,9.000388e-02,49_b_a.wav
0.008791,0.031812,0.120505,0.001545,0.004147,0.005974,0.827227,0.190171,0.431861,0.138233,0.030032,0.122195,0.087508,0.006893,0.965113,0.027994,8.370049e-03,-2.807984e-02,4_a_q.wav
0.000681,0.004994,0.017761,0.000185,0.000331,0.000634,0.975415,0.044337,0.493927,0.084704,0.055327,0.092501,0.229203,0.025130,0.938195,0.036675,-1.566463e-01,-6.047842e-02,50_a_q.wav
0.000323,0.003707,0.005783,0.000148,0.000247,0.000447,0.989345,0.048638,0.548372,0.060135,0.041614,0.051787,0.249455,0.020490,0.776571,0.202938,-6.790406e-02,4.846152e-02,50_b_q.wav
0.000001,0.000001,0.000979,0.000000,0.000000,0.000000,0.999018,0.072378,0.173360,0.295948,0.085134,0.249500,0.123679,0.041458,0.949699,0.008843,5.694766e-02,2.696629e-01,51_a_a.wav
0.000102,0.000036,0.006768,0.000005,0.000064,0.000018,0.993007,0.070884,0.356709,0.143666,0.043070,0.159775,0.225895,0.015239,0.936323,0.048438,-4.399676e-02,4.104453e-02,51_b_a.wav
0.000006,0.000003,0.002596,0.000000,0.000004,0.000000,0.997391,0.081279,0.406517,0.168120,0.067397,0.112463,0.164225,0.033325,0.953924,0.012751,1.966426e-02,2.918825e-02,52_a_q.wav
0.000796,0.033544,0.009379,0.000338,0.000603,0.004020,0.951320,0.031979,0.455379,0.062427,0.034734,0.079476,0.336005,0.022082,0.847997,0.129921,-1.003856e-01,-4.615869e-02,53_a_q.wav
0.000291,0.000805,0.037166,0.000016,0.000182,0.000120,0.961420,0.146420,0.399116,0.123577,0.029221,0.211922,0.089744,0.005950,0.734994,0.259057,1.546650e-01,4.865656e-02,54_a_a.wav
0.000104,0.000114,0.015692,0.000004,0.000017,0.000018,0.984052,0.107982,0.307917,0.173892,0.040952,0.278864,0.090394,0.012152,0.963251,0.024597,1.010058e-01,6.081039e-02,54_b_a.wav
0.000158,0.000207,0.021600,0.000008,0.000004,0.000013,0.978010,0.166012,0.224078,0.148335,0.042204,0.354003,0.065368,0.026808,0.966370,0.006822,2.412413e-01,1.490223e-01,54_c_a.wav
0.000922,0.001504,0.046210,0.000077,0.000361,0.000223,0.950703,0.119331,0.462434,0.125344,0.038310,0.091336,0.163246,0.013781,0.939122,0.047098,-4.176542e-02,6.008698e-02,55_a_q.wav
0.004815,0.243708,0.015164,0.004509,0.003920,0.036808,0.691076,0.072562,0.335028,0.140446,0.030960,0.084820,0.336184,0.019634,0.808293,0.172073,-2.384887e-02,3.515919e-02,56_a_q.wav
0.002768,0.084400,0.035711,0.000998,0.001941,0.011782,0.862399,0.125566,0.374964,0.150731,0.026548,0.064973,0.257219,0.008873,0.605949,0.385178,1.311377e-01,-1.047199e-01,57_a_q.wav
0.000000,0.000000,0.000000,0.000000,0.000000,0.000000,0.999999,0.054241,0.126073,0.309744,0.092755,0.346062,0.071123,0.099622,0.877806,0.022572,9.856575e-02,3.147115e-01,58_a_a.wav
0.000007,0.000007,0.003806,0.000000,0.000000,0.000000,0.996179,0.086502,0.238112,0.314691,0.094375,0.105288,0.161032,0.058724,0.885370,0.055906,-3.042918e-03,1.794258e-01,59_a_q.wav
0.000009,0.000010,0.004444,0.000000,0.000000,0.000001,0.995536,0.064200,0.098298,0.379486,0.145207,0.238546,0.074264,0.111462,0.861285,0.027253,2.014439e-01,4.544082e-01,5_a_a.wav
0.000003,0.000003,0.002575,0.000000,0.000000,0.000000,0.997418,0.030659,0.078378,0.702140,0.073398,0.054990,0.060436,0.061528,0.896239,0.042233,1.671972e-01,4.025759e-01,5_b_a.wav
0.001409,0.002292,0.150367,0.000208,0.000754,0.000237,0.844733,0.107840,0.515013,0.110356,0.031137,0.097132,0.138523,0.014257,0.953238,0.032505,2.434911e-03,8.175771e-03,60_a_a.wav
0.000096,0.000018,0.045752,0.000004,0.000005,0.000001,0.954125,0.060266,0.149330,0.555875,0.049261,0.158130,0.027139,0.031911,0.806066,0.162024,1.191451e-01,2.220491e-01,60_b_a.wav
0.000154,0.000074,0.186160,0.000035,0.000008,0.000004,0.813565,0.010473,0.030323,0.934722,0.006631,0.014096,0.003755,0.008929,0.163213,0.827858,2.946203e-01,2.448846e-01,60_c_a.wav
0.002928,0.062964,0.048146,0.001283,0.002019,0.009607,0.873053,0.134714,0.387021,0.208383,0.023843,0.058135,0.187905,0.017669,0.903519,0.078812,6.337715e-02,-6.331121e-02,61_a_q.wav
0.000092,0.000365,0.001529,0.000030,0.000101,0.000051,0.997831,0.067845,0.323381,0.143713,0.038186,0.144936,0.281938,0.038733,0.935779,0.025487,-7.498094e-02,-9.365430e-02,61_b_q.wav
0.000238,0.000150,0.016828,0.000006,0.000110,0.000045,0.982623,0.142604,0.312595,0.145651,0.040551,0.170875,0.187723,0.013599,0.938276,0.048125,1.079763e-01,2.795782e-02,62_a_q.wav
0.000000,0.000000,0.000912,0.000000,0.000000,0.000000,0.999087,0.144265,0.269236,0.303567,0.106875,0.112138,0.063919,0.121029,0.639209,0.239763,3.041376e-01,3.551041e-01,63_a_a.wav
0.000096,0.000112,0.015781,0.000005,0.000007,0.000006,0.983993,0.110326,0.338036,0.310540,0.045650,0.068816,0.126633,0.081319,0.806161,0.112520,1.698201e-01,1.353878e-01,63_b_a.wav
0.000412,0.000291,0.024828,0.000023,0.000097,0.000042,0.974308,0.094188,0.391894,0.133986,0.056225,0.118425,0.205282,0.009981,0.965737,0.024281,-7.183822e-02,1.107981e-02,64_a_q.wav
0.000373,0.001803,0.034884,0.000057,0.000289,0.000128,0.962465,0.069159,0.335068,0.113411,0.038752,0.057431,0.386179,0.017250,0.852276,0.130475,7.228929e-02,1.597482e-01,65_a_q.wav
0.000118,0.000060,0.011369,0.000004,0.000028,0.000005,0.988415,0.134697,0.332042,0.257073,0.049079,0.136219,0.090890,0.060848,0.909993,0.029159,1.071154e-01,1.595609e-01,66_a_a.wav
0.000394,0.003247,0.015369,0.000042,0.000193,0.000388,0.980368,0.063064,0.405475,0.109219,0.054214,0.139046,0.228982,0.027834,0.948279,0.023887,-1.494458e-01,1.285445e-02,67_a_q.wav
0.000002,0.000001,0.001886,0.000000,0.000000,0.000000,0.998111,0.024639,0.024936,0.840093,0.061407,0.039433,0.009492,0.148651,0.805226,0.046122,2.160052e-01,3.944448e-01,68_a_a.wav
0.000000,0.000000,0.000000,0.000000,0.000000,0.000000,1.000000,0.048556,0.195630,0.393486,0.073729,0.096616,0.191983,0.136213,0.817538,0.046248,5.278943e-02,6.970901e-02,69_a_q.wav
0.000198,0.001932,0.007266,0.000036,0.000182,0.000252,0.990134,0.090158,0.267616,0.167246,0.033458,0.064805,0.376716,0.020140,0.961767,0.018093,-4.467371e-03,9.848536e-02,6_a_q.wav
0.000280,0.000228,0.024152,0.000017,0.000017,0.000012,0.975293,0.068036,0.092850,0.748478,0.020253,0.064311,0.006073,0.026456,0.972053,0.001491,2.586293e-01,3.449893e-01,70_a_a.wav
0.000001,0.000002,0.045913,0.000001,0.000000,0.000000,0.954083,0.013832,0.003576,0.935777,0.019062,0.027145,0.000607,0.031934,0.965963,0.002103,2.905666e-01,4.878002e-01,70_b_a.wav
0.000149,0.000082,0.519680,0.000084,0.000011,0.000006,0.479989,0.015312,0.017318,0.943438,0.004886,0.018390,0.000656,0.028440,0.969704,0.001857,2.609753e-01,3.042412e-01,70_c_a.wav
0.000181,0.000116,0.002327,0.000081,0.000189,0.000046,0.997060,0.049551,0.426168,0.115682,0.052120,0.144622,0.211856,0.014651,0.958339,0.027010,-1.495014e-01,-2.248061e-02,71_a_q.wav
0.000284,0.000187,0.035633,0.000017,0.000182,0.000026,0.963671,0.081217,0.489642,0.131085,0.044370,0.121992,0.131695,0.020786,0.955140,0.024075,-8.242844e-02,7.603579e-02,72_a_q.wav
0.000374,0.000076,0.110392,0.000017,0.000014,0.000004,0.889124,0.133551,0.251076,0.401386,0.047159,0.119142,0.047687,0.020199,0.703605,0.276197,2.025252e-01,1.912813e-01,73_a_q.wav
0.000180,0.000102,0.019763,0.000008,0.000005,0.000005,0.979936,0.020315,0.011044,0.879739,0.063160,0.023463,0.002279,0.265086,0.572210,0.162703,2.673894e-01,5.473935e-01,74_a_a.wav
0.000376,0.000212,0.199117,0.000066,0.000185,0.000016,0.800027,0.130213,0.467240,0.113270,0.043985,0.123904,0.121387,0.042168,0.951188,0.006645,4.746121e-02,3.332922e-02,75_a_q.wav
0.000212,0.000052,0.041120,0.000031,0.000188,0.000005,0.958392,0.104848,0.593799,0.078225,0.052247,0.075760,0.095121,0.038163,0.871426,0.090411,-3.256440e-02,1.847932e-02,76_a_a.wav
0.000003,0.000003,0.002470,0.000000,0.000001,0.000000,0.997522,0.101442,0.237575,0.320071,0.106722,0.138455,0.095735,0.045795,0.931147,0.023058,9.413432e-02,2.358412e-01,77_a_q.wav
0.000075,0.000093,0.014289,0.000006,0.000008,0.000006,0.985522,0.058491,0.188852,0.598232,0.031112,0.066639,0.056674,0.032618,0.964665,0.002717,2.103302e-02,1.537927e-01,78_a_a.wav
0.000365,0.003127,0.004855,0.000067,0.000140,0.000381,0.991064,0.036318,0.138349,0.095449,0.022904,0.025813,0.681167,0.029381,0.725104,0.245515,-1.353404e-01,-8.071641e-03,79_a_q.wav
0.000000,0.000000,0.000001,0.000000,0.000000,0.000000,0.999999,0.066208,0.177228,0.431941,0.092783,0.144097,0.087743,0.105601,0.857371,0.037028,4.036719e-02,3.428118e-01,7_a_q.wav
0.000181,0.000245,0.023796,0.000017,0.000009,0.000014,0.975737,0.107433,0.397074,0.198924,0.069973,0.121559,0.105037,0.053064,0.938358,0.008578,6.306580e-02,1.589289e-01,80_a_a.wav
0.000069,0.000011,0.320689,0.000004,0.000025,0.000001,0.679202,0.094349,0.262617,0.487315,0.029033,0.079139,0.047547,0.025718,0.636961,0.337320,7.748813e-02,1.094057e-01,81_a_q.wav
0.000089,0.000098,0.014530,0.000004,0.000026,0.000005,0.985247,0.155218,0.469159,0.145846,0.056679,0.084339,0.088760,0.050466,0.879293,0.070242,1.006264e-01,1.644915e-01,82_a_a.wav
0.000182,0.000198,0.021044,0.000011,0.000046,0.000010,0.978510,0.133338,0.493379,0.135940,0.060711,0.089664,0.086968,0.024275,0.905223,0.070502,4.059006e-02,1.132683e-01,82_b_a.wav
0.000009,0.000009,0.004346,0.000000,0.000004,0.000000,0.995631,0.158397,0.368639,0.218356,0.063539,0.095102,0.095967,0.075746,0.903794,0.020460,1.633208e-01,2.396717e-01,82_c_a.wav
0.000053,0.000014,0.005490,0.000001,0.000018,0.000001,0.994422,0.084454,0.401562,0.119937,0.074822,0.084010,0.235215,0.022670,0.767471,0.209859,-7.510868e-03,8.610645e-02,83_a_q.wav
0.000215,0.000249,0.023954,0.000015,0.000011,0.000014,0.975543,0.111103,0.413400,0.133742,0.073137,0.096338,0.172280,0.037045,0.952505,0.010451,2.019244e-02,8.275965e-02,84_a_q.wav
0.003688,0.011051,0.021019,0.001719,0.001954,0.001000,0.959569,0.055087,0.395215,0.078980,0.024639,0.027127,0.418951,0.013219,0.489645,0.497136,-8.216601e-03,-6.263950e-02,85_a_q.wav
0.000310,0.000083,0.164092,0.000034,0.000023,0.000004,0.835454,0.205530,0.291880,0.298907,0.041422,0.108189,0.054071,0.042631,0.952686,0.004683,3.384457e-01,3.229987e-01,86_a_a.wav
0.000307,0.000195,0.285751,0.000079,0.000023,0.000010,0.713635,0.022283,0.045851,0.904406,0.009555,0.013875,0.004030,0.080093,0.893933,0.025974,3.544309e-01,3.843081e-01,86_b_a.wav
0.002704,0.000382,0.397623,0.000083,0.000922,0.000054,0.598232,0.209025,0.460794,0.132765,0.034057,0.089190,0.074169,0.007204,0.962056,0.030741,1.076369e-01,1.295786e-01,87_a_q.wav
0.000081,0.000036,0.008245,0.000004,0.000042,0.000011,0.991581,0.084735,0.265082,0.215457,0.053469,0.141739,0.239518,0.058531,0.924324,0.017145,-8.651525e-02,-1.538090e-03,88_a_q.wav
0.000448,0.000718,0.147010,0.000033,0.000243,0.000095,0.851453,0.183802,0.462747,0.158200,0.031833,0.099903,0.063516,0.010158,0.985886,0.003956,1.472399e-01,1.702186e-01,89_a_a.wav
0.000010,0.000008,0.004132,0.000000,0.000003,0.000001,0.995845,0.088895,0.323681,0.191780,0.072835,0.137344,0.185466,0.023267,0.958161,0.018572,2.382399e-02,1.856561e-01,8_a_q.wav
0.000208,0.000116,0.012563,0.000011,0.000081,0.000038,0.986984,0.081677,0.379458,0.149428,0.044283,0.133242,0.211912,0.031718,0.935471,0.032810,-1.524233e-02,1.493807e-01,90_a_q.wav
0.000001,0.000000,0.001040,0.000000,0.000000,0.000000,0.998959,0.037492,0.049034,0.375879,0.363678,0.147421,0.026497,0.097560,0.299822,0.602618,2.603675e-01,6.015387e-01,91_a_a.wav
0.000001,0.000001,0.001090,0.000000,0.000000,0.000000,0.998908,0.057973,0.188869,0.158578,0.115530,0.317791,0.161260,0.043899,0.949074,0.007027,-1.774936e-02,2.562914e-01,92_a_q.wav
0.000004,0.000004,0.002809,0.000000,0.000000,0.000000,0.997182,0.113392,0.228773,0.286547,0.168193,0.123775,0.079321,0.092591,0.718971,0.188438,9.563409e-02,2.660402e-01,93_a_a.wav
0.000001,0.000000,0.001041,0.000000,0.000000,0.000000,0.998958,0.067006,0.101720,0.364911,0.298450,0.121263,0.046650,0.280661,0.502709,0.216630,1.835040e-01,3.686221e-01,93_b_a.wav
0.000037,0.000026,0.007469,0.000002,0.000008,0.000002,0.992456,0.079430,0.322811,0.165021,0.077479,0.144545,0.210714,0.045195,0.938292,0.016513,-2.334061e-02,1.686812e-01,94_a_q.wav
0.000186,0.000793,0.009458,0.000025,0.000143,0.000105,0.989290,0.074176,0.398315,0.123460,0.049193,0.106150,0.248707,0.020456,0.897854,0.081690,-9.559085e-02,9.507944e-02,95_a_q.wav
0.000006,0.000004,0.002911,0.000000,0.000003,0.000000,0.997075,0.121058,0.434523,0.148011,0.071180,0.102465,0.122764,0.043657,0.936541,0.019803,1.046217e-01,2.228076e-01,96_a_a.wav
0.000030,0.000021,0.006744,0.000001,0.000012,0.000001,0.993190,0.113988,0.391856,0.310005,0.045900,0.073345,0.064906,0.031779,0.883095,0.085126,7.660120e-02,1.832599e-01,96_b_a.wav
0.000036,0.000027,0.007560,0.000002,0.000024,0.000001,0.992351,0.133639,0.427157,0.140305,0.070553,0.132542,0.095805,0.014168,0.967251,0.018581,1.552410e-02,1.405212e-01,96_c_a.wav
0.000120,0.000160,0.018890,0.000011,0.000004,0.000009,0.980806,0.142920,0.329837,0.251106,0.065153,0.108408,0.102576,0.083413,0.900012,0.016575,6.529001e-02,2.664129e-01,97_a_q.wav
0.000007,0.000002,0.001770,0.000000,0.000005,0.000000,0.998215,0.060460,0.325542,0.137396,0.074291,0.087352,0.314959,0.050797,0.737820,0.211383,1.453465e-02,1.466280e-01,98_a_q.wav
0.000035,0.000008,0.002181,0.000005,0.000026,0.000005,0.997741,0.036790,0.305953,0.086972,0.064817,0.067528,0.437940,0.056761,0.913343,0.029897,-1.467165e-01,2.550188e-02,98_b_q.wav
0.000048,0.000009,0.491677,0.000003,0.000005,0.000001,0.508257,0.028077,0.069326,0.852889,0.007387,0.036980,0.005340,0.030417,0.920334,0.049249,2.736072e-01,2.378765e-01,99_a_a.wav
0.000116,0.000017,0.675700,0.000005,0.000066,0.000001,0.324095,0.180091,0.337368,0.284629,0.030461,0.124825,0.042626,0.007303,0.984795,0.007902,2.894376e-01,1.464092e-01,99_b_a.wav
0.000027,0.000016,0.005760,0.000001,0.000014,0.000005,0.994177,0.125313,0.382733,0.159605,0.052469,0.177215,0.102665,0.016209,0.944895,0.038896,2.928635e-02,8.262396e-02,9_a_q.wav
